title,text,label
Scientists develop efficient solar panel,Researchers published findings showing improved solar panel efficiency. Verified by multiple official reports. Sample 190.,1
City launches tree plantation drive,Thousands of saplings were planted across the city. Verified by multiple official reports. Sample 194.,1
Local hospital opens new emergency wing,The new facility aims to improve patient care and emergency response. Verified by multiple official reports. Sample 129.,1
University awards research grants,The grants will support innovation and academic research. Verified by multiple official reports. Sample 142.,1
Government approves new education policy,The government announced a new education policy after consultations with experts and officials. Verified by multiple official reports. Sample 68.,1
Government approves new education policy,The government announced a new education policy after consultations with experts and officials. Verified by multiple official reports. Sample 175.,1
Cats start paying taxes,A fabricated article claimed cats were added to the national tax system. No reliable evidence supports the claim. Sample 158.,0
Invisible water discovered,A misleading post claimed ordinary water makes people invisible. No reliable evidence supports the claim. Sample 3.,0
Cats start paying taxes,A fabricated article claimed cats were added to the national tax system. No reliable evidence supports the claim. Sample 69.,0
Aliens elected as world leaders,A viral post claimed aliens secretly won a global election without evidence. No reliable evidence supports the claim. Sample 193.,0
Government approves new education policy,The government announced a new education policy after consultations with experts and officials. Verified by multiple official reports. Sample 124.,1
Moon made of chocolate confirmed,An online rumor falsely claimed the moon is made of chocolate. No reliable evidence supports the claim. Sample 50.,0
Time traveler predicts yesterday,An unbelievable story spread without any credible sources. No reliable evidence supports the claim. Sample 243.,0
Scientists develop efficient solar panel,Researchers published findings showing improved solar panel efficiency. Verified by multiple official reports. Sample 95.,1
Scientists develop efficient solar panel,Researchers published findings showing improved solar panel efficiency. Verified by multiple official reports. Sample 91.,1
City launches tree plantation drive,Thousands of saplings were planted across the city. Verified by multiple official reports. Sample 43.,1
Moon made of chocolate confirmed,An online rumor falsely claimed the moon is made of chocolate. No reliable evidence supports the claim. Sample 70.,0
Local hospital opens new emergency wing,The new facility aims to improve patient care and emergency response. Verified by multiple official reports. Sample 139.,1
Local hospital opens new emergency wing,The new facility aims to improve patient care and emergency response. Verified by multiple official reports. Sample 207.,1
University awards research grants,The grants will support innovation and academic research. Verified by multiple official reports. Sample 7.,1
Cats start paying taxes,A fabricated article claimed cats were added to the national tax system. No reliable evidence supports the claim. Sample 194.,0
Invisible water discovered,A misleading post claimed ordinary water makes people invisible. No reliable evidence supports the claim. Sample 132.,0
University awards research grants,The grants will support innovation and academic research. Verified by multiple official reports. Sample 23.,1
Time traveler predicts yesterday,An unbelievable story spread without any credible sources. No reliable evidence supports the claim. Sample 37.,0
Moon made of chocolate confirmed,An online rumor falsely claimed the moon is made of chocolate. No reliable evidence supports the claim. Sample 247.,0
Scientists develop efficient solar panel,Researchers published findings showing improved solar panel efficiency. Verified by multiple official reports. Sample 214.,1
Local hospital opens new emergency wing,The new facility aims to improve patient care and emergency response. Verified by multiple official reports. Sample 233.,1
Local hospital opens new emergency wing,The new facility aims to improve patient care and emergency response. Verified by multiple official reports. Sample 85.,1
Scientists develop efficient solar panel,Researchers published findings showing improved solar panel efficiency. Verified by multiple official reports. Sample 6.,1
Time traveler predicts yesterday,An unbelievable story spread without any credible sources. No reliable evidence supports the claim. Sample 214.,0
Cats start paying taxes,A fabricated article claimed cats were added to the national tax system. No reliable evidence supports the claim. Sample 123.,0
Local hospital opens new emergency wing,The new facility aims to improve patient care and emergency response. Verified by multiple official reports. Sample 42.,1
Time traveler predicts yesterday,An unbelievable story spread without any credible sources. No reliable evidence supports the claim. Sample 148.,0
City launches tree plantation drive,Thousands of saplings were planted across the city. Verified by multiple official reports. Sample 187.,1
Government approves new education policy,The government announced a new education policy after consultations with experts and officials. Verified by multiple official reports. Sample 102.,1
Invisible water discovered,A misleading post claimed ordinary water makes people invisible. No reliable evidence supports the claim. Sample 202.,0
City launches tree plantation drive,Thousands of saplings were planted across the city. Verified by multiple official reports. Sample 69.,1
City launches tree plantation drive,Thousands of saplings were planted across the city. Verified by multiple official reports. Sample 208.,1
Scientists develop efficient solar panel,Researchers published findings showing improved solar panel efficiency. Verified by multiple official reports. Sample 14.,1
City launches tree plantation drive,Thousands of saplings were planted across the city. Verified by multiple official reports. Sample 100.,1
Government approves new education policy,The government announced a new education policy after consultations with experts and officials. Verified by multiple official reports. Sample 136.,1
Cats start paying taxes,A fabricated article claimed cats were added to the national tax system. No reliable evidence supports the claim. Sample 15.,0
Local hospital opens new emergency wing,The new facility aims to improve patient care and emergency response. Verified by multiple official reports. Sample 167.,1
Cats start paying taxes,A fabricated article claimed cats were added to the national tax system. No reliable evidence supports the claim. Sample 48.,0
Aliens elected as world leaders,A viral post claimed aliens secretly won a global election without evidence. No reliable evidence supports the claim. Sample 104.,0
City launches tree plantation drive,Thousands of saplings were planted across the city. Verified by multiple official reports. Sample 221.,1
Aliens elected as world leaders,A viral post claimed aliens secretly won a global election without evidence. No reliable evidence supports the claim. Sample 58.,0
Invisible water discovered,A misleading post claimed ordinary water makes people invisible. No reliable evidence supports the claim. Sample 53.,0
Moon made of chocolate confirmed,An online rumor falsely claimed the moon is made of chocolate. No reliable evidence supports the claim. Sample 125.,0
City launches tree plantation drive,Thousands of saplings were planted across the city. Verified by multiple official reports. Sample 84.,1
Local hospital opens new emergency wing,The new facility aims to improve patient care and emergency response. Verified by multiple official reports. Sample 90.,1
University awards research grants,The grants will support innovation and academic research. Verified by multiple official reports. Sample 151.,1
Government approves new education policy,The government announced a new education policy after consultations with experts and officials. Verified by multiple official reports. Sample 105.,1
Government approves new education policy,The government announced a new education policy after consultations with experts and officials. Verified by multiple official reports. Sample 137.,1
Government approves new education policy,The government announced a new education policy after consultations with experts and officials. Verified by multiple official reports. Sample 56.,1
Scientists develop efficient solar panel,Researchers published findings showing improved solar panel efficiency. Verified by multiple official reports. Sample 64.,1
University awards research grants,The grants will support innovation and academic research. Verified by multiple official reports. Sample 182.,1
Aliens elected as world leaders,A viral post claimed aliens secretly won a global election without evidence. No reliable evidence supports the claim. Sample 183.,0
Government approves new education policy,The government announced a new education policy after consultations with experts and officials. Verified by multiple official reports. Sample 231.,1
Cats start paying taxes,A fabricated article claimed cats were added to the national tax system. No reliable evidence supports the claim. Sample 27.,0
Time traveler predicts yesterday,An unbelievable story spread without any credible sources. No reliable evidence supports the claim. Sample 235.,0
Government approves new education policy,The government announced a new education policy after consultations with experts and officials. Verified by multiple official reports. Sample 88.,1
University awards research grants,The grants will support innovation and academic research. Verified by multiple official reports. Sample 248.,1
Scientists develop efficient solar panel,Researchers published findings showing improved solar panel efficiency. Verified by multiple official reports. Sample 27.,1
Local hospital opens new emergency wing,The new facility aims to improve patient care and emergency response. Verified by multiple official reports. Sample 89.,1
Moon made of chocolate confirmed,An online rumor falsely claimed the moon is made of chocolate. No reliable evidence supports the claim. Sample 82.,0
Cats start paying taxes,A fabricated article claimed cats were added to the national tax system. No reliable evidence supports the claim. Sample 213.,0
Scientists develop efficient solar panel,Researchers published findings showing improved solar panel efficiency. Verified by multiple official reports. Sample 20.,1
Government approves new education policy,The government announced a new education policy after consultations with experts and officials. Verified by multiple official reports. Sample 226.,1
City launches tree plantation drive,Thousands of saplings were planted across the city. Verified by multiple official reports. Sample 35.,1
Aliens elected as world leaders,A viral post claimed aliens secretly won a global election without evidence. No reliable evidence supports the claim. Sample 179.,0
Cats start paying taxes,A fabricated article claimed cats were added to the national tax system. No reliable evidence supports the claim. Sample 164.,0
Time traveler predicts yesterday,An unbelievable story spread without any credible sources. No reliable evidence supports the claim. Sample 196.,0
Government approves new education policy,The government announced a new education policy after consultations with experts and officials. Verified by multiple official reports. Sample 238.,1
Time traveler predicts yesterday,An unbelievable story spread without any credible sources. No reliable evidence supports the claim. Sample 154.,0
Moon made of chocolate confirmed,An online rumor falsely claimed the moon is made of chocolate. No reliable evidence supports the claim. Sample 44.,0
Cats start paying taxes,A fabricated article claimed cats were added to the national tax system. No reliable evidence supports the claim. Sample 152.,0
Time traveler predicts yesterday,An unbelievable story spread without any credible sources. No reliable evidence supports the claim. Sample 120.,0
Moon made of chocolate confirmed,An online rumor falsely claimed the moon is made of chocolate. No reliable evidence supports the claim. Sample 157.,0
Local hospital opens new emergency wing,The new facility aims to improve patient care and emergency response. Verified by multiple official reports. Sample 169.,1
City launches tree plantation drive,Thousands of saplings were planted across the city. Verified by multiple official reports. Sample 143.,1
Time traveler predicts yesterday,An unbelievable story spread without any credible sources. No reliable evidence supports the claim. Sample 137.,0
Moon made of chocolate confirmed,An online rumor falsely claimed the moon is made of chocolate. No reliable evidence supports the claim. Sample 192.,0
Government approves new education policy,The government announced a new education policy after consultations with experts and officials. Verified by multiple official reports. Sample 249.,1
Invisible water discovered,A misleading post claimed ordinary water makes people invisible. No reliable evidence supports the claim. Sample 113.,0
Moon made of chocolate confirmed,An online rumor falsely claimed the moon is made of chocolate. No reliable evidence supports the claim. Sample 33.,0
Cats start paying taxes,A fabricated article claimed cats were added to the national tax system. No reliable evidence supports the claim. Sample 187.,0
City launches tree plantation drive,Thousands of saplings were planted across the city. Verified by multiple official reports. Sample 162.,1
Moon made of chocolate confirmed,An online rumor falsely claimed the moon is made of chocolate. No reliable evidence supports the claim. Sample 240.,0
University awards research grants,The grants will support innovation and academic research. Verified by multiple official reports. Sample 158.,1
Local hospital opens new emergency wing,The new facility aims to improve patient care and emergency response. Verified by multiple official reports. Sample 122.,1
Time traveler predicts yesterday,An unbelievable story spread without any credible sources. No reliable evidence supports the claim. Sample 94.,0
Moon made of chocolate confirmed,An online rumor falsely claimed the moon is made of chocolate. No reliable evidence supports the claim. Sample 199.,0
Cats start paying taxes,A fabricated article claimed cats were added to the national tax system. No reliable evidence supports the claim. Sample 218.,0
City launches tree plantation drive,Thousands of saplings were planted across the city. Verified by multiple official reports. Sample 79.,1
Cats start paying taxes,A fabricated article claimed cats were added to the national tax system. No reliable evidence supports the claim. Sample 165.,0
Cats start paying taxes,A fabricated article claimed cats were added to the national tax system. No reliable evidence supports the claim. Sample 160.,0
Invisible water discovered,A misleading post claimed ordinary water makes people invisible. No reliable evidence supports the claim. Sample 84.,0
Government approves new education policy,The government announced a new education policy after consultations with experts and officials. Verified by multiple official reports. Sample 239.,1
Government approves new education policy,The government announced a new education policy after consultations with experts and officials. Verified by multiple official reports. Sample 119.,1
University awards research grants,The grants will support innovation and academic research. Verified by multiple official reports. Sample 65.,1
Aliens elected as world leaders,A viral post claimed aliens secretly won a global election without evidence. No reliable evidence supports the claim. Sample 117.,0
Government approves new education policy,The government announced a new education policy after consultations with experts and officials. Verified by multiple official reports. Sample 133.,1
Moon made of chocolate confirmed,An online rumor falsely claimed the moon is made of chocolate. No reliable evidence supports the claim. Sample 40.,0
Time traveler predicts yesterday,An unbelievable story spread without any credible sources. No reliable evidence supports the claim. Sample 116.,0
Government approves new education policy,The government announced a new education policy after consultations with experts and officials. Verified by multiple official reports. Sample 117.,1
Scientists develop efficient solar panel,Researchers published findings showing improved solar panel efficiency. Verified by multiple official reports. Sample 174.,1
Moon made of chocolate confirmed,An online rumor falsely claimed the moon is made of chocolate. No reliable evidence supports the claim. Sample 236.,0
Government approves new education policy,The government announced a new education policy after consultations with experts and officials. Verified by multiple official reports. Sample 82.,1
University awards research grants,The grants will support innovation and academic research. Verified by multiple official reports. Sample 198.,1
Cats start paying taxes,A fabricated article claimed cats were added to the national tax system. No reliable evidence supports the claim. Sample 121.,0
Time traveler predicts yesterday,An unbelievable story spread without any credible sources. No reliable evidence supports the claim. Sample 229.,0
Scientists develop efficient solar panel,Researchers published findings showing improved solar panel efficiency. Verified by multiple official reports. Sample 193.,1
Invisible water discovered,A misleading post claimed ordinary water makes people invisible. No reliable evidence supports the claim. Sample 167.,0
City launches tree plantation drive,Thousands of saplings were planted across the city. Verified by multiple official reports. Sample 131.,1
Aliens elected as world leaders,A viral post claimed aliens secretly won a global election without evidence. No reliable evidence supports the claim. Sample 126.,0
Scientists develop efficient solar panel,Researchers published findings showing improved solar panel efficiency. Verified by multiple official reports. Sample 132.,1
Invisible water discovered,A misleading post claimed ordinary water makes people invisible. No reliable evidence supports the claim. Sample 23.,0
Cats start paying taxes,A fabricated article claimed cats were added to the national tax system. No reliable evidence supports the claim. Sample 195.,0
University awards research grants,The grants will support innovation and academic research. Verified by multiple official reports. Sample 202.,1
Local hospital opens new emergency wing,The new facility aims to improve patient care and emergency response. Verified by multiple official reports. Sample 191.,1
Time traveler predicts yesterday,An unbelievable story spread without any credible sources. No reliable evidence supports the claim. Sample 46.,0
Invisible water discovered,A misleading post claimed ordinary water makes people invisible. No reliable evidence supports the claim. Sample 186.,0
Aliens elected as world leaders,A viral post claimed aliens secretly won a global election without evidence. No reliable evidence supports the claim. Sample 237.,0
Invisible water discovered,A misleading post claimed ordinary water makes people invisible. No reliable evidence supports the claim. Sample 163.,0
Local hospital opens new emergency wing,The new facility aims to improve patient care and emergency response. Verified by multiple official reports. Sample 110.,1
Scientists develop efficient solar panel,Researchers published findings showing improved solar panel efficiency. Verified by multiple official reports. Sample 236.,1
Moon made of chocolate confirmed,An online rumor falsely claimed the moon is made of chocolate. No reliable evidence supports the claim. Sample 24.,0
Invisible water discovered,A misleading post claimed ordinary water makes people invisible. No reliable evidence supports the claim. Sample 79.,0
Aliens elected as world leaders,A viral post claimed aliens secretly won a global election without evidence. No reliable evidence supports the claim. Sample 25.,0
Aliens elected as world leaders,A viral post claimed aliens secretly won a global election without evidence. No reliable evidence supports the claim. Sample 128.,0
Invisible water discovered,A misleading post claimed ordinary water makes people invisible. No reliable evidence supports the claim. Sample 63.,0
Invisible water discovered,A misleading post claimed ordinary water makes people invisible. No reliable evidence supports the claim. Sample 143.,0
Moon made of chocolate confirmed,An online rumor falsely claimed the moon is made of chocolate. No reliable evidence supports the claim. Sample 171.,0
Aliens elected as world leaders,A viral post claimed aliens secretly won a global election without evidence. No reliable evidence supports the claim. Sample 115.,0
University awards research grants,The grants will support innovation and academic research. Verified by multiple official reports. Sample 113.,1
Moon made of chocolate confirmed,An online rumor falsely claimed the moon is made of chocolate. No reliable evidence supports the claim. Sample 68.,0
Time traveler predicts yesterday,An unbelievable story spread without any credible sources. No reliable evidence supports the claim. Sample 56.,0
University awards research grants,The grants will support innovation and academic research. Verified by multiple official reports. Sample 147.,1
Aliens elected as world leaders,A viral post claimed aliens secretly won a global election without evidence. No reliable evidence supports the claim. Sample 65.,0
Scientists develop efficient solar panel,Researchers published findings showing improved solar panel efficiency. Verified by multiple official reports. Sample 99.,1
Local hospital opens new emergency wing,The new facility aims to improve patient care and emergency response. Verified by multiple official reports. Sample 34.,1
Scientists develop efficient solar panel,Researchers published findings showing improved solar panel efficiency. Verified by multiple official reports. Sample 235.,1
Aliens elected as world leaders,A viral post claimed aliens secretly won a global election without evidence. No reliable evidence supports the claim. Sample 102.,0
City launches tree plantation drive,Thousands of saplings were planted across the city. Verified by multiple official reports. Sample 146.,1
Invisible water discovered,A misleading post claimed ordinary water makes people invisible. No reliable evidence supports the claim. Sample 189.,0
Scientists develop efficient solar panel,Researchers published findings showing improved solar panel efficiency. Verified by multiple official reports. Sample 172.,1
Time traveler predicts yesterday,An unbelievable story spread without any credible sources. No reliable evidence supports the claim. Sample 54.,0
Scientists develop efficient solar panel,Researchers published findings showing improved solar panel efficiency. Verified by multiple official reports. Sample 205.,1
Aliens elected as world leaders,A viral post claimed aliens secretly won a global election without evidence. No reliable evidence supports the claim. Sample 76.,0
Government approves new education policy,The government announced a new education policy after consultations with experts and officials. Verified by multiple official reports. Sample 200.,1
Moon made of chocolate confirmed,An online rumor falsely claimed the moon is made of chocolate. No reliable evidence supports the claim. Sample 197.,0
Moon made of chocolate confirmed,An online rumor falsely claimed the moon is made of chocolate. No reliable evidence supports the claim. Sample 147.,0
City launches tree plantation drive,Thousands of saplings were planted across the city. Verified by multiple official reports. Sample 180.,1
Moon made of chocolate confirmed,An online rumor falsely claimed the moon is made of chocolate. No reliable evidence supports the claim. Sample 67.,0
City launches tree plantation drive,Thousands of saplings were planted across the city. Verified by multiple official reports. Sample 28.,1
University awards research grants,The grants will support innovation and academic research. Verified by multiple official reports. Sample 32.,1
Time traveler predicts yesterday,An unbelievable story spread without any credible sources. No reliable evidence supports the claim. Sample 101.,0
Scientists develop efficient solar panel,Researchers published findings showing improved solar panel efficiency. Verified by multiple official reports. Sample 177.,1
Cats start paying taxes,A fabricated article claimed cats were added to the national tax system. No reliable evidence supports the claim. Sample 168.,0
Cats start paying taxes,A fabricated article claimed cats were added to the national tax system. No reliable evidence supports the claim. Sample 72.,0
Moon made of chocolate confirmed,An online rumor falsely claimed the moon is made of chocolate. No reliable evidence supports the claim. Sample 188.,0
City launches tree plantation drive,Thousands of saplings were planted across the city. Verified by multiple official reports. Sample 170.,1
Moon made of chocolate confirmed,An online rumor falsely claimed the moon is made of chocolate. No reliable evidence supports the claim. Sample 55.,0
Government approves new education policy,The government announced a new education policy after consultations with experts and officials. Verified by multiple official reports. Sample 186.,1
Moon made of chocolate confirmed,An online rumor falsely claimed the moon is made of chocolate. No reliable evidence supports the claim. Sample 5.,0
Government approves new education policy,The government announced a new education policy after consultations with experts and officials. Verified by multiple official reports. Sample 141.,1
Cats start paying taxes,A fabricated article claimed cats were added to the national tax system. No reliable evidence supports the claim. Sample 78.,0
Invisible water discovered,A misleading post claimed ordinary water makes people invisible. No reliable evidence supports the claim. Sample 250.,0
Moon made of chocolate confirmed,An online rumor falsely claimed the moon is made of chocolate. No reliable evidence supports the claim. Sample 60.,0
Government approves new education policy,The government announced a new education policy after consultations with experts and officials. Verified by multiple official reports. Sample 49.,1
Government approves new education policy,The government announced a new education policy after consultations with experts and officials. Verified by multiple official reports. Sample 215.,1
City launches tree plantation drive,Thousands of saplings were planted across the city. Verified by multiple official reports. Sample 59.,1
University awards research grants,The grants will support innovation and academic research. Verified by multiple official reports. Sample 52.,1
Local hospital opens new emergency wing,The new facility aims to improve patient care and emergency response. Verified by multiple official reports. Sample 166.,1
City launches tree plantation drive,Thousands of saplings were planted across the city. Verified by multiple official reports. Sample 38.,1
Moon made of chocolate confirmed,An online rumor falsely claimed the moon is made of chocolate. No reliable evidence supports the claim. Sample 241.,0
City launches tree plantation drive,Thousands of saplings were planted across the city. Verified by multiple official reports. Sample 98.,1
Local hospital opens new emergency wing,The new facility aims to improve patient care and emergency response. Verified by multiple official reports. Sample 107.,1
City launches tree plantation drive,Thousands of saplings were planted across the city. Verified by multiple official reports. Sample 144.,1
University awards research grants,The grants will support innovation and academic research. Verified by multiple official reports. Sample 104.,1
City launches tree plantation drive,Thousands of saplings were planted across the city. Verified by multiple official reports. Sample 4.,1
Invisible water discovered,A misleading post claimed ordinary water makes people invisible. No reliable evidence supports the claim. Sample 34.,0
Aliens elected as world leaders,A viral post claimed aliens secretly won a global election without evidence. No reliable evidence supports the claim. Sample 1.,0
Local hospital opens new emergency wing,The new facility aims to improve patient care and emergency response. Verified by multiple official reports. Sample 179.,1
Moon made of chocolate confirmed,An online rumor falsely claimed the moon is made of chocolate. No reliable evidence supports the claim. Sample 224.,0
Time traveler predicts yesterday,An unbelievable story spread without any credible sources. No reliable evidence supports the claim. Sample 114.,0
Moon made of chocolate confirmed,An online rumor falsely claimed the moon is made of chocolate. No reliable evidence supports the claim. Sample 19.,0
University awards research grants,The grants will support innovation and academic research. Verified by multiple official reports. Sample 163.,1
Local hospital opens new emergency wing,The new facility aims to improve patient care and emergency response. Verified by multiple official reports. Sample 114.,1
Aliens elected as world leaders,A viral post claimed aliens secretly won a global election without evidence. No reliable evidence supports the claim. Sample 17.,0
Cats start paying taxes,A fabricated article claimed cats were added to the national tax system. No reliable evidence supports the claim. Sample 51.,0
University awards research grants,The grants will support innovation and academic research. Verified by multiple official reports. Sample 156.,1
Cats start paying taxes,A fabricated article claimed cats were added to the national tax system. No reliable evidence supports the claim. Sample 11.,0
University awards research grants,The grants will support innovation and academic research. Verified by multiple official reports. Sample 154.,1
Government approves new education policy,The government announced a new education policy after consultations with experts and officials. Verified by multiple official reports. Sample 75.,1
City launches tree plantation drive,Thousands of saplings were planted across the city. Verified by multiple official reports. Sample 240.,1
Moon made of chocolate confirmed,An online rumor falsely claimed the moon is made of chocolate. No reliable evidence supports the claim. Sample 155.,0
Time traveler predicts yesterday,An unbelievable story spread without any credible sources. No reliable evidence supports the claim. Sample 47.,0
Government approves new education policy,The government announced a new education policy after consultations with experts and officials. Verified by multiple official reports. Sample 63.,1
Government approves new education policy,The government announced a new education policy after consultations with experts and officials. Verified by multiple official reports. Sample 26.,1
Invisible water discovered,A misleading post claimed ordinary water makes people invisible. No reliable evidence supports the claim. Sample 208.,0
Local hospital opens new emergency wing,The new facility aims to improve patient care and emergency response. Verified by multiple official reports. Sample 50.,1
Local hospital opens new emergency wing,The new facility aims to improve patient care and emergency response. Verified by multiple official reports. Sample 53.,1
Invisible water discovered,A misleading post claimed ordinary water makes people invisible. No reliable evidence supports the claim. Sample 86.,0
University awards research grants,The grants will support innovation and academic research. Verified by multiple official reports. Sample 138.,1
Cats start paying taxes,A fabricated article claimed cats were added to the national tax system. No reliable evidence supports the claim. Sample 118.,0
City launches tree plantation drive,Thousands of saplings were planted across the city. Verified by multiple official reports. Sample 54.,1
Cats start paying taxes,A fabricated article claimed cats were added to the national tax system. No reliable evidence supports the claim. Sample 81.,0
University awards research grants,The grants will support innovation and academic research. Verified by multiple official reports. Sample 57.,1
Cats start paying taxes,A fabricated article claimed cats were added to the national tax system. No reliable evidence supports the claim. Sample 140.,0
Government approves new education policy,The government announced a new education policy after consultations with experts and officials. Verified by multiple official reports. Sample 24.,1
Cats start paying taxes,A fabricated article claimed cats were added to the national tax system. No reliable evidence supports the claim. Sample 90.,0
University awards research grants,The grants will support innovation and academic research. Verified by multiple official reports. Sample 29.,1
University awards research grants,The grants will support innovation and academic research. Verified by multiple official reports. Sample 195.,1
Government approves new education policy,The government announced a new education policy after consultations with experts and officials. Verified by multiple official reports. Sample 80.,1
Local hospital opens new emergency wing,The new facility aims to improve patient care and emergency response. Verified by multiple official reports. Sample 97.,1
University awards research grants,The grants will support innovation and academic research. Verified by multiple official reports. Sample 171.,1
Time traveler predicts yesterday,An unbelievable story spread without any credible sources. No reliable evidence supports the claim. Sample 142.,0
Cats start paying taxes,A fabricated article claimed cats were added to the national tax system. No reliable evidence supports the claim. Sample 145.,0
Invisible water discovered,A misleading post claimed ordinary water makes people invisible. No reliable evidence supports the claim. Sample 52.,0
Moon made of chocolate confirmed,An online rumor falsely claimed the moon is made of chocolate. No reliable evidence supports the claim. Sample 57.,0
Invisible water discovered,A misleading post claimed ordinary water makes people invisible. No reliable evidence supports the claim. Sample 100.,0
Local hospital opens new emergency wing,The new facility aims to improve patient care and emergency response. Verified by multiple official reports. Sample 33.,1
Government approves new education policy,The government announced a new education policy after consultations with experts and officials. Verified by multiple official reports. Sample 116.,1
Local hospital opens new emergency wing,The new facility aims to improve patient care and emergency response. Verified by multiple official reports. Sample 118.,1
Aliens elected as world leaders,A viral post claimed aliens secretly won a global election without evidence. No reliable evidence supports the claim. Sample 21.,0
Time traveler predicts yesterday,An unbelievable story spread without any credible sources. No reliable evidence supports the claim. Sample 219.,0
Government approves new education policy,The government announced a new education policy after consultations with experts and officials. Verified by multiple official reports. Sample 173.,1
Local hospital opens new emergency wing,The new facility aims to improve patient care and emergency response. Verified by multiple official reports. Sample 19.,1
City launches tree plantation drive,Thousands of saplings were planted across the city. Verified by multiple official reports. Sample 71.,1
Government approves new education policy,The government announced a new education policy after consultations with experts and officials. Verified by multiple official reports. Sample 45.,1
Time traveler predicts yesterday,An unbelievable story spread without any credible sources. No reliable evidence supports the claim. Sample 112.,0
City launches tree plantation drive,Thousands of saplings were planted across the city. Verified by multiple official reports. Sample 176.,1
Invisible water discovered,A misleading post claimed ordinary water makes people invisible. No reliable evidence supports the claim. Sample 244.,0
Aliens elected as world leaders,A viral post claimed aliens secretly won a global election without evidence. No reliable evidence supports the claim. Sample 200.,0
Scientists develop efficient solar panel,Researchers published findings showing improved solar panel efficiency. Verified by multiple official reports. Sample 125.,1
Invisible water discovered,A misleading post claimed ordinary water makes people invisible. No reliable evidence supports the claim. Sample 138.,0
University awards research grants,The grants will support innovation and academic research. Verified by multiple official reports. Sample 217.,1
Moon made of chocolate confirmed,An online rumor falsely claimed the moon is made of chocolate. No reliable evidence supports the claim. Sample 249.,0
Aliens elected as world leaders,A viral post claimed aliens secretly won a global election without evidence. No reliable evidence supports the claim. Sample 36.,0
Aliens elected as world leaders,A viral post claimed aliens secretly won a global election without evidence. No reliable evidence supports the claim. Sample 206.,0
City launches tree plantation drive,Thousands of saplings were planted across the city. Verified by multiple official reports. Sample 165.,1
Cats start paying taxes,A fabricated article claimed cats were added to the national tax system. No reliable evidence supports the claim. Sample 98.,0
Local hospital opens new emergency wing,The new facility aims to improve patient care and emergency response. Verified by multiple official reports. Sample 51.,1
Moon made of chocolate confirmed,An online rumor falsely claimed the moon is made of chocolate. No reliable evidence supports the claim. Sample 211.,0
Invisible water discovered,A misleading post claimed ordinary water makes people invisible. No reliable evidence supports the claim. Sample 234.,0
Scientists develop efficient solar panel,Researchers published findings showing improved solar panel efficiency. Verified by multiple official reports. Sample 230.,1
Cats start paying taxes,A fabricated article claimed cats were added to the national tax system. No reliable evidence supports the claim. Sample 153.,0
Cats start paying taxes,A fabricated article claimed cats were added to the national tax system. No reliable evidence supports the claim. Sample 242.,0
Invisible water discovered,A misleading post claimed ordinary water makes people invisible. No reliable evidence supports the claim. Sample 93.,0
Scientists develop efficient solar panel,Researchers published findings showing improved solar panel efficiency. Verified by multiple official reports. Sample 5.,1
Aliens elected as world leaders,A viral post claimed aliens secretly won a global election without evidence. No reliable evidence supports the claim. Sample 43.,0
University awards research grants,The grants will support innovation and academic research. Verified by multiple official reports. Sample 46.,1
Moon made of chocolate confirmed,An online rumor falsely claimed the moon is made of chocolate. No reliable evidence supports the claim. Sample 136.,0
Aliens elected as world leaders,A viral post claimed aliens secretly won a global election without evidence. No reliable evidence supports the claim. Sample 14.,0
Government approves new education policy,The government announced a new education policy after consultations with experts and officials. Verified by multiple official reports. Sample 66.,1
Aliens elected as world leaders,A viral post claimed aliens secretly won a global election without evidence. No reliable evidence supports the claim. Sample 30.,0
Local hospital opens new emergency wing,The new facility aims to improve patient care and emergency response. Verified by multiple official reports. Sample 130.,1
Moon made of chocolate confirmed,An online rumor falsely claimed the moon is made of chocolate. No reliable evidence supports the claim. Sample 20.,0
Local hospital opens new emergency wing,The new facility aims to improve patient care and emergency response. Verified by multiple official reports. Sample 150.,1
Aliens elected as world leaders,A viral post claimed aliens secretly won a global election without evidence. No reliable evidence supports the claim. Sample 225.,0
Moon made of chocolate confirmed,An online rumor falsely claimed the moon is made of chocolate. No reliable evidence supports the claim. Sample 173.,0
City launches tree plantation drive,Thousands of saplings were planted across the city. Verified by multiple official reports. Sample 234.,1
Government approves new education policy,The government announced a new education policy after consultations with experts and officials. Verified by multiple official reports. Sample 39.,1
Aliens elected as world leaders,A viral post claimed aliens secretly won a global election without evidence. No reliable evidence supports the claim. Sample 6.,0
Government approves new education policy,The government announced a new education policy after consultations with experts and officials. Verified by multiple official reports. Sample 181.,1
Government approves new education policy,The government announced a new education policy after consultations with experts and officials. Verified by multiple official reports. Sample 244.,1
City launches tree plantation drive,Thousands of saplings were planted across the city. Verified by multiple official reports. Sample 22.,1
University awards research grants,The grants will support innovation and academic research. Verified by multiple official reports. Sample 87.,1
Invisible water discovered,A misleading post claimed ordinary water makes people invisible. No reliable evidence supports the claim. Sample 212.,0
Invisible water discovered,A misleading post claimed ordinary water makes people invisible. No reliable evidence supports the claim. Sample 222.,0
University awards research grants,The grants will support innovation and academic research. Verified by multiple official reports. Sample 93.,1
Time traveler predicts yesterday,An unbelievable story spread without any credible sources. No reliable evidence supports the claim. Sample 207.,0
University awards research grants,The grants will support innovation and academic research. Verified by multiple official reports. Sample 30.,1
Time traveler predicts yesterday,An unbelievable story spread without any credible sources. No reliable evidence supports the claim. Sample 124.,0
Aliens elected as world leaders,A viral post claimed aliens secretly won a global election without evidence. No reliable evidence supports the claim. Sample 201.,0
Government approves new education policy,The government announced a new education policy after consultations with experts and officials. Verified by multiple official reports. Sample 21.,1
Cats start paying taxes,A fabricated article claimed cats were added to the national tax system. No reliable evidence supports the claim. Sample 139.,0
Invisible water discovered,A misleading post claimed ordinary water makes people invisible. No reliable evidence supports the claim. Sample 105.,0
City launches tree plantation drive,Thousands of saplings were planted across the city. Verified by multiple official reports. Sample 121.,1
Time traveler predicts yesterday,An unbelievable story spread without any credible sources. No reliable evidence supports the claim. Sample 230.,0
City launches tree plantation drive,Thousands of saplings were planted across the city. Verified by multiple official reports. Sample 201.,1
City launches tree plantation drive,Thousands of saplings were planted across the city. Verified by multiple official reports. Sample 224.,1
Time traveler predicts yesterday,An unbelievable story spread without any credible sources. No reliable evidence supports the claim. Sample 106.,0
Aliens elected as world leaders,A viral post claimed aliens secretly won a global election without evidence. No reliable evidence supports the claim. Sample 83.,0
Invisible water discovered,A misleading post claimed ordinary water makes people invisible. No reliable evidence supports the claim. Sample 185.,0
Moon made of chocolate confirmed,An online rumor falsely claimed the moon is made of chocolate. No reliable evidence supports the claim. Sample 18.,0
Government approves new education policy,The government announced a new education policy after consultations with experts and officials. Verified by multiple official reports. Sample 55.,1
Cats start paying taxes,A fabricated article claimed cats were added to the national tax system. No reliable evidence supports the claim. Sample 176.,0
Scientists develop efficient solar panel,Researchers published findings showing improved solar panel efficiency. Verified by multiple official reports. Sample 74.,1
Time traveler predicts yesterday,An unbelievable story spread without any credible sources. No reliable evidence supports the claim. Sample 135.,0
Scientists develop efficient solar panel,Researchers published findings showing improved solar panel efficiency. Verified by multiple official reports. Sample 204.,1
Local hospital opens new emergency wing,The new facility aims to improve patient care and emergency response. Verified by multiple official reports. Sample 101.,1
Government approves new education policy,The government announced a new education policy after consultations with experts and officials. Verified by multiple official reports. Sample 247.,1
City launches tree plantation drive,Thousands of saplings were planted across the city. Verified by multiple official reports. Sample 219.,1
University awards research grants,The grants will support innovation and academic research. Verified by multiple official reports. Sample 9.,1
Aliens elected as world leaders,A viral post claimed aliens secretly won a global election without evidence. No reliable evidence supports the claim. Sample 80.,0
Moon made of chocolate confirmed,An online rumor falsely claimed the moon is made of chocolate. No reliable evidence supports the claim. Sample 39.,0
Scientists develop efficient solar panel,Researchers published findings showing improved solar panel efficiency. Verified by multiple official reports. Sample 73.,1
Invisible water discovered,A misleading post claimed ordinary water makes people invisible. No reliable evidence supports the claim. Sample 180.,0
Time traveler predicts yesterday,An unbelievable story spread without any credible sources. No reliable evidence supports the claim. Sample 16.,0
City launches tree plantation drive,Thousands of saplings were planted across the city. Verified by multiple official reports. Sample 212.,1
Local hospital opens new emergency wing,The new facility aims to improve patient care and emergency response. Verified by multiple official reports. Sample 157.,1
Moon made of chocolate confirmed,An online rumor falsely claimed the moon is made of chocolate. No reliable evidence supports the claim. Sample 119.,0
Time traveler predicts yesterday,An unbelievable story spread without any credible sources. No reliable evidence supports the claim. Sample 170.,0
Cats start paying taxes,A fabricated article claimed cats were added to the national tax system. No reliable evidence supports the claim. Sample 62.,0
Time traveler predicts yesterday,An unbelievable story spread without any credible sources. No reliable evidence supports the claim. Sample 169.,0
City launches tree plantation drive,Thousands of saplings were planted across the city. Verified by multiple official reports. Sample 103.,1
Cats start paying taxes,A fabricated article claimed cats were added to the national tax system. No reliable evidence supports the claim. Sample 223.,0
Government approves new education policy,The government announced a new education policy after consultations with experts and officials. Verified by multiple official reports. Sample 120.,1
Invisible water discovered,A misleading post claimed ordinary water makes people invisible. No reliable evidence supports the claim. Sample 88.,0
Scientists develop efficient solar panel,Researchers published findings showing improved solar panel efficiency. Verified by multiple official reports. Sample 232.,1
Government approves new education policy,The government announced a new education policy after consultations with experts and officials. Verified by multiple official reports. Sample 8.,1
Local hospital opens new emergency wing,The new facility aims to improve patient care and emergency response. Verified by multiple official reports. Sample 47.,1
Moon made of chocolate confirmed,An online rumor falsely claimed the moon is made of chocolate. No reliable evidence supports the claim. Sample 205.,0
University awards research grants,The grants will support innovation and academic research. Verified by multiple official reports. Sample 189.,1
Invisible water discovered,A misleading post claimed ordinary water makes people invisible. No reliable evidence supports the claim. Sample 13.,0
City launches tree plantation drive,Thousands of saplings were planted across the city. Verified by multiple official reports. Sample 108.,1
University awards research grants,The grants will support innovation and academic research. Verified by multiple official reports. Sample 209.,1
Scientists develop efficient solar panel,Researchers published findings showing improved solar panel efficiency. Verified by multiple official reports. Sample 40.,1
Government approves new education policy,The government announced a new education policy after consultations with experts and officials. Verified by multiple official reports. Sample 250.,1
Government approves new education policy,The government announced a new education policy after consultations with experts and officials. Verified by multiple official reports. Sample 67.,1
Government approves new education policy,The government announced a new education policy after consultations with experts and officials. Verified by multiple official reports. Sample 246.,1
University awards research grants,The grants will support innovation and academic research. Verified by multiple official reports. Sample 77.,1
Government approves new education policy,The government announced a new education policy after consultations with experts and officials. Verified by multiple official reports. Sample 18.,1
Local hospital opens new emergency wing,The new facility aims to improve patient care and emergency response. Verified by multiple official reports. Sample 245.,1
Government approves new education policy,The government announced a new education policy after consultations with experts and officials. Verified by multiple official reports. Sample 3.,1
Invisible water discovered,A misleading post claimed ordinary water makes people invisible. No reliable evidence supports the claim. Sample 122.,0
Local hospital opens new emergency wing,The new facility aims to improve patient care and emergency response. Verified by multiple official reports. Sample 168.,1
Time traveler predicts yesterday,An unbelievable story spread without any credible sources. No reliable evidence supports the claim. Sample 108.,0
Time traveler predicts yesterday,An unbelievable story spread without any credible sources. No reliable evidence supports the claim. Sample 209.,0
Cats start paying taxes,A fabricated article claimed cats were added to the national tax system. No reliable evidence supports the claim. Sample 129.,0
Aliens elected as world leaders,A viral post claimed aliens secretly won a global election without evidence. No reliable evidence supports the claim. Sample 4.,0
City launches tree plantation drive,Thousands of saplings were planted across the city. Verified by multiple official reports. Sample 76.,1
Government approves new education policy,The government announced a new education policy after consultations with experts and officials. Verified by multiple official reports. Sample 17.,1
Local hospital opens new emergency wing,The new facility aims to improve patient care and emergency response. Verified by multiple official reports. Sample 237.,1
Cats start paying taxes,A fabricated article claimed cats were added to the national tax system. No reliable evidence supports the claim. Sample 198.,0
City launches tree plantation drive,Thousands of saplings were planted across the city. Verified by multiple official reports. Sample 78.,1
Invisible water discovered,A misleading post claimed ordinary water makes people invisible. No reliable evidence supports the claim. Sample 178.,0
Moon made of chocolate confirmed,An online rumor falsely claimed the moon is made of chocolate. No reliable evidence supports the claim. Sample 162.,0
Scientists develop efficient solar panel,Researchers published findings showing improved solar panel efficiency. Verified by multiple official reports. Sample 135.,1
Aliens elected as world leaders,A viral post claimed aliens secretly won a global election without evidence. No reliable evidence supports the claim. Sample 97.,0
Local hospital opens new emergency wing,The new facility aims to improve patient care and emergency response. Verified by multiple official reports. Sample 60.,1
Cats start paying taxes,A fabricated article claimed cats were added to the national tax system. No reliable evidence supports the claim. Sample 220.,0
City launches tree plantation drive,Thousands of saplings were planted across the city. Verified by multiple official reports. Sample 115.,1
Government approves new education policy,The government announced a new education policy after consultations with experts and officials. Verified by multiple official reports. Sample 225.,1
Scientists develop efficient solar panel,Researchers published findings showing improved solar panel efficiency. Verified by multiple official reports. Sample 36.,1
Local hospital opens new emergency wing,The new facility aims to improve patient care and emergency response. Verified by multiple official reports. Sample 148.,1
Invisible water discovered,A misleading post claimed ordinary water makes people invisible. No reliable evidence supports the claim. Sample 127.,0
Local hospital opens new emergency wing,The new facility aims to improve patient care and emergency response. Verified by multiple official reports. Sample 109.,1
City launches tree plantation drive,Thousands of saplings were planted across the city. Verified by multiple official reports. Sample 96.,1
Invisible water discovered,A misleading post claimed ordinary water makes people invisible. No reliable evidence supports the claim. Sample 59.,0
Scientists develop efficient solar panel,Researchers published findings showing improved solar panel efficiency. Verified by multiple official reports. Sample 94.,1
Government approves new education policy,The government announced a new education policy after consultations with experts and officials. Verified by multiple official reports. Sample 13.,1
Time traveler predicts yesterday,An unbelievable story spread without any credible sources. No reliable evidence supports the claim. Sample 231.,0
Invisible water discovered,A misleading post claimed ordinary water makes people invisible. No reliable evidence supports the claim. Sample 26.,0
Aliens elected as world leaders,A viral post claimed aliens secretly won a global election without evidence. No reliable evidence supports the claim. Sample 246.,0
Time traveler predicts yesterday,An unbelievable story spread without any credible sources. No reliable evidence supports the claim. Sample 99.,0
Cats start paying taxes,A fabricated article claimed cats were added to the national tax system. No reliable evidence supports the claim. Sample 95.,0
City launches tree plantation drive,Thousands of saplings were planted across the city. Verified by multiple official reports. Sample 149.,1
Local hospital opens new emergency wing,The new facility aims to improve patient care and emergency response. Verified by multiple official reports. Sample 199.,1
Cats start paying taxes,A fabricated article claimed cats were added to the national tax system. No reliable evidence supports the claim. Sample 226.,0
Local hospital opens new emergency wing,The new facility aims to improve patient care and emergency response. Verified by multiple official reports. Sample 127.,1
Local hospital opens new emergency wing,The new facility aims to improve patient care and emergency response. Verified by multiple official reports. Sample 86.,1
Cats start paying taxes,A fabricated article claimed cats were added to the national tax system. No reliable evidence supports the claim. Sample 87.,0
Cats start paying taxes,A fabricated article claimed cats were added to the national tax system. No reliable evidence supports the claim. Sample 109.,0
Invisible water discovered,A misleading post claimed ordinary water makes people invisible. No reliable evidence supports the claim. Sample 248.,0
Local hospital opens new emergency wing,The new facility aims to improve patient care and emergency response. Verified by multiple official reports. Sample 145.,1
Time traveler predicts yesterday,An unbelievable story spread without any credible sources. No reliable evidence supports the claim. Sample 22.,0
Moon made of chocolate confirmed,An online rumor falsely claimed the moon is made of chocolate. No reliable evidence supports the claim. Sample 2.,0
Invisible water discovered,A misleading post claimed ordinary water makes people invisible. No reliable evidence supports the claim. Sample 190.,0
Moon made of chocolate confirmed,An online rumor falsely claimed the moon is made of chocolate. No reliable evidence supports the claim. Sample 181.,0
Invisible water discovered,A misleading post claimed ordinary water makes people invisible. No reliable evidence supports the claim. Sample 89.,0
Moon made of chocolate confirmed,An online rumor falsely claimed the moon is made of chocolate. No reliable evidence supports the claim. Sample 111.,0
Cats start paying taxes,A fabricated article claimed cats were added to the national tax system. No reliable evidence supports the claim. Sample 77.,0
Time traveler predicts yesterday,An unbelievable story spread without any credible sources. No reliable evidence supports the claim. Sample 151.,0
Moon made of chocolate confirmed,An online rumor falsely claimed the moon is made of chocolate. No reliable evidence supports the claim. Sample 110.,0
Cats start paying taxes,A fabricated article claimed cats were added to the national tax system. No reliable evidence supports the claim. Sample 239.,0
City launches tree plantation drive,Thousands of saplings were planted across the city. Verified by multiple official reports. Sample 123.,1
Cats start paying taxes,A fabricated article claimed cats were added to the national tax system. No reliable evidence supports the claim. Sample 210.,0
Aliens elected as world leaders,A viral post claimed aliens secretly won a global election without evidence. No reliable evidence supports the claim. Sample 35.,0
Moon made of chocolate confirmed,An online rumor falsely claimed the moon is made of chocolate. No reliable evidence supports the claim. Sample 182.,0
Aliens elected as world leaders,A viral post claimed aliens secretly won a global election without evidence. No reliable evidence supports the claim. Sample 175.,0
City launches tree plantation drive,Thousands of saplings were planted across the city. Verified by multiple official reports. Sample 229.,1
Cats start paying taxes,A fabricated article claimed cats were added to the national tax system. No reliable evidence supports the claim. Sample 204.,0
Cats start paying taxes,A fabricated article claimed cats were added to the national tax system. No reliable evidence supports the claim. Sample 227.,0
Local hospital opens new emergency wing,The new facility aims to improve patient care and emergency response. Verified by multiple official reports. Sample 161.,1
University awards research grants,The grants will support innovation and academic research. Verified by multiple official reports. Sample 92.,1
Invisible water discovered,A misleading post claimed ordinary water makes people invisible. No reliable evidence supports the claim. Sample 159.,0
Local hospital opens new emergency wing,The new facility aims to improve patient care and emergency response. Verified by multiple official reports. Sample 134.,1
Aliens elected as world leaders,A viral post claimed aliens secretly won a global election without evidence. No reliable evidence supports the claim. Sample 103.,0
Time traveler predicts yesterday,An unbelievable story spread without any credible sources. No reliable evidence supports the claim. Sample 96.,0
Cats start paying taxes,A fabricated article claimed cats were added to the national tax system. No reliable evidence supports the claim. Sample 150.,0
Invisible water discovered,A misleading post claimed ordinary water makes people invisible. No reliable evidence supports the claim. Sample 216.,0
Government approves new education policy,The government announced a new education policy after consultations with experts and officials. Verified by multiple official reports. Sample 223.,1
Local hospital opens new emergency wing,The new facility aims to improve patient care and emergency response. Verified by multiple official reports. Sample 126.,1
Aliens elected as world leaders,A viral post claimed aliens secretly won a global election without evidence. No reliable evidence supports the claim. Sample 177.,0
Government approves new education policy,The government announced a new education policy after consultations with experts and officials. Verified by multiple official reports. Sample 128.,1
Scientists develop efficient solar panel,Researchers published findings showing improved solar panel efficiency. Verified by multiple official reports. Sample 216.,1
Invisible water discovered,A misleading post claimed ordinary water makes people invisible. No reliable evidence supports the claim. Sample 41.,0
Invisible water discovered,A misleading post claimed ordinary water makes people invisible. No reliable evidence supports the claim. Sample 166.,0
Scientists develop efficient solar panel,Researchers published findings showing improved solar panel efficiency. Verified by multiple official reports. Sample 10.,1
Local hospital opens new emergency wing,The new facility aims to improve patient care and emergency response. Verified by multiple official reports. Sample 210.,1
Aliens elected as world leaders,A viral post claimed aliens secretly won a global election without evidence. No reliable evidence supports the claim. Sample 92.,0
Government approves new education policy,The government announced a new education policy after consultations with experts and officials. Verified by multiple official reports. Sample 218.,1
Scientists develop efficient solar panel,Researchers published findings showing improved solar panel efficiency. Verified by multiple official reports. Sample 1.,1
Local hospital opens new emergency wing,The new facility aims to improve patient care and emergency response. Verified by multiple official reports. Sample 48.,1
Government approves new education policy,The government announced a new education policy after consultations with experts and officials. Verified by multiple official reports. Sample 62.,1
Moon made of chocolate confirmed,An online rumor falsely claimed the moon is made of chocolate. No reliable evidence supports the claim. Sample 144.,0
Invisible water discovered,A misleading post claimed ordinary water makes people invisible. No reliable evidence supports the claim. Sample 217.,0
Invisible water discovered,A misleading post claimed ordinary water makes people invisible. No reliable evidence supports the claim. Sample 203.,0
Local hospital opens new emergency wing,The new facility aims to improve patient care and emergency response. Verified by multiple official reports. Sample 159.,1
City launches tree plantation drive,Thousands of saplings were planted across the city. Verified by multiple official reports. Sample 15.,1
Moon made of chocolate confirmed,An online rumor falsely claimed the moon is made of chocolate. No reliable evidence supports the claim. Sample 172.,0
City launches tree plantation drive,Thousands of saplings were planted across the city. Verified by multiple official reports. Sample 16.,1
City launches tree plantation drive,Thousands of saplings were planted across the city. Verified by multiple official reports. Sample 184.,1
Scientists develop efficient solar panel,Researchers published findings showing improved solar panel efficiency. Verified by multiple official reports. Sample 222.,1
Moon made of chocolate confirmed,An online rumor falsely claimed the moon is made of chocolate. No reliable evidence supports the claim. Sample 71.,0
University awards research grants,The grants will support innovation and academic research. Verified by multiple official reports. Sample 178.,1
Scientists develop efficient solar panel,Researchers published findings showing improved solar panel efficiency. Verified by multiple official reports. Sample 2.,1
Time traveler predicts yesterday,An unbelievable story spread without any credible sources. No reliable evidence supports the claim. Sample 184.,0
Invisible water discovered,A misleading post claimed ordinary water makes people invisible. No reliable evidence supports the claim. Sample 73.,0
Aliens elected as world leaders,A viral post claimed aliens secretly won a global election without evidence. No reliable evidence supports the claim. Sample 156.,0
Scientists develop efficient solar panel,Researchers published findings showing improved solar panel efficiency. Verified by multiple official reports. Sample 213.,1
Invisible water discovered,A misleading post claimed ordinary water makes people invisible. No reliable evidence supports the claim. Sample 161.,0
Government approves new education policy,The government announced a new education policy after consultations with experts and officials. Verified by multiple official reports. Sample 70.,1
Local hospital opens new emergency wing,The new facility aims to improve patient care and emergency response. Verified by multiple official reports. Sample 112.,1
Aliens elected as world leaders,A viral post claimed aliens secretly won a global election without evidence. No reliable evidence supports the claim. Sample 9.,0
Scientists develop efficient solar panel,Researchers published findings showing improved solar panel efficiency. Verified by multiple official reports. Sample 25.,1
University awards research grants,The grants will support innovation and academic research. Verified by multiple official reports. Sample 153.,1
Aliens elected as world leaders,A viral post claimed aliens secretly won a global election without evidence. No reliable evidence supports the claim. Sample 12.,0
University awards research grants,The grants will support innovation and academic research. Verified by multiple official reports. Sample 11.,1
Cats start paying taxes,A fabricated article claimed cats were added to the national tax system. No reliable evidence supports the claim. Sample 29.,0
Time traveler predicts yesterday,An unbelievable story spread without any credible sources. No reliable evidence supports the claim. Sample 75.,0
Local hospital opens new emergency wing,The new facility aims to improve patient care and emergency response. Verified by multiple official reports. Sample 41.,1
Cats start paying taxes,A fabricated article claimed cats were added to the national tax system. No reliable evidence supports the claim. Sample 131.,0
Government approves new education policy,The government announced a new education policy after consultations with experts and officials. Verified by multiple official reports. Sample 192.,1
University awards research grants,The grants will support innovation and academic research. Verified by multiple official reports. Sample 196.,1
Moon made of chocolate confirmed,An online rumor falsely claimed the moon is made of chocolate. No reliable evidence supports the claim. Sample 146.,0
Moon made of chocolate confirmed,An online rumor falsely claimed the moon is made of chocolate. No reliable evidence supports the claim. Sample 191.,0
Local hospital opens new emergency wing,The new facility aims to improve patient care and emergency response. Verified by multiple official reports. Sample 185.,1
Local hospital opens new emergency wing,The new facility aims to improve patient care and emergency response. Verified by multiple official reports. Sample 12.,1
Local hospital opens new emergency wing,The new facility aims to improve patient care and emergency response. Verified by multiple official reports. Sample 241.,1
Cats start paying taxes,A fabricated article claimed cats were added to the national tax system. No reliable evidence supports the claim. Sample 149.,0
Aliens elected as world leaders,A viral post claimed aliens secretly won a global election without evidence. No reliable evidence supports the claim. Sample 8.,0
Moon made of chocolate confirmed,An online rumor falsely claimed the moon is made of chocolate. No reliable evidence supports the claim. Sample 134.,0
Government approves new education policy,The government announced a new education policy after consultations with experts and officials. Verified by multiple official reports. Sample 83.,1
City launches tree plantation drive,Thousands of saplings were planted across the city. Verified by multiple official reports. Sample 164.,1
Invisible water discovered,A misleading post claimed ordinary water makes people invisible. No reliable evidence supports the claim. Sample 31.,0
University awards research grants,The grants will support innovation and academic research. Verified by multiple official reports. Sample 197.,1
University awards research grants,The grants will support innovation and academic research. Verified by multiple official reports. Sample 140.,1
Moon made of chocolate confirmed,An online rumor falsely claimed the moon is made of chocolate. No reliable evidence supports the claim. Sample 32.,0
Cats start paying taxes,A fabricated article claimed cats were added to the national tax system. No reliable evidence supports the claim. Sample 221.,0
Scientists develop efficient solar panel,Researchers published findings showing improved solar panel efficiency. Verified by multiple official reports. Sample 206.,1
Cats start paying taxes,A fabricated article claimed cats were added to the national tax system. No reliable evidence supports the claim. Sample 238.,0
University awards research grants,The grants will support innovation and academic research. Verified by multiple official reports. Sample 37.,1
Invisible water discovered,A misleading post claimed ordinary water makes people invisible. No reliable evidence supports the claim. Sample 245.,0
Government approves new education policy,The government announced a new education policy after consultations with experts and officials. Verified by multiple official reports. Sample 111.,1
Moon made of chocolate confirmed,An online rumor falsely claimed the moon is made of chocolate. No reliable evidence supports the claim. Sample 64.,0
Cats start paying taxes,A fabricated article claimed cats were added to the national tax system. No reliable evidence supports the claim. Sample 228.,0
University awards research grants,The grants will support innovation and academic research. Verified by multiple official reports. Sample 227.,1
University awards research grants,The grants will support innovation and academic research. Verified by multiple official reports. Sample 203.,1
Invisible water discovered,A misleading post claimed ordinary water makes people invisible. No reliable evidence supports the claim. Sample 66.,0
Time traveler predicts yesterday,An unbelievable story spread without any credible sources. No reliable evidence supports the claim. Sample 10.,0
Cats start paying taxes,A fabricated article claimed cats were added to the national tax system. No reliable evidence supports the claim. Sample 215.,0
University awards research grants,The grants will support innovation and academic research. Verified by multiple official reports. Sample 242.,1
City launches tree plantation drive,Thousands of saplings were planted across the city. Verified by multiple official reports. Sample 188.,1
Local hospital opens new emergency wing,The new facility aims to improve patient care and emergency response. Verified by multiple official reports. Sample 183.,1
Aliens elected as world leaders,A viral post claimed aliens secretly won a global election without evidence. No reliable evidence supports the claim. Sample 42.,0
Moon made of chocolate confirmed,An online rumor falsely claimed the moon is made of chocolate. No reliable evidence supports the claim. Sample 91.,0
Government approves new education policy,The government announced a new education policy after consultations with experts and officials. Verified by multiple official reports. Sample 81.,1
Time traveler predicts yesterday,An unbelievable story spread without any credible sources. No reliable evidence supports the claim. Sample 141.,0
University awards research grants,The grants will support innovation and academic research. Verified by multiple official reports. Sample 155.,1
Aliens elected as world leaders,A viral post claimed aliens secretly won a global election without evidence. No reliable evidence supports the claim. Sample 61.,0
City launches tree plantation drive,Thousands of saplings were planted across the city. Verified by multiple official reports. Sample 152.,1
City launches tree plantation drive,Thousands of saplings were planted across the city. Verified by multiple official reports. Sample 228.,1
Time traveler predicts yesterday,An unbelievable story spread without any credible sources. No reliable evidence supports the claim. Sample 233.,0
Aliens elected as world leaders,A viral post claimed aliens secretly won a global election without evidence. No reliable evidence supports the claim. Sample 130.,0
Time traveler predicts yesterday,An unbelievable story spread without any credible sources. No reliable evidence supports the claim. Sample 107.,0
Time traveler predicts yesterday,An unbelievable story spread without any credible sources. No reliable evidence supports the claim. Sample 45.,0
Invisible water discovered,A misleading post claimed ordinary water makes people invisible. No reliable evidence supports the claim. Sample 38.,0
Moon made of chocolate confirmed,An online rumor falsely claimed the moon is made of chocolate. No reliable evidence supports the claim. Sample 85.,0
Time traveler predicts yesterday,An unbelievable story spread without any credible sources. No reliable evidence supports the claim. Sample 232.,0
Aliens elected as world leaders,A viral post claimed aliens secretly won a global election without evidence. No reliable evidence supports the claim. Sample 174.,0
Moon made of chocolate confirmed,An online rumor falsely claimed the moon is made of chocolate. No reliable evidence supports the claim. Sample 28.,0
University awards research grants,The grants will support innovation and academic research. Verified by multiple official reports. Sample 72.,1
Cats start paying taxes,A fabricated article claimed cats were added to the national tax system. No reliable evidence supports the claim. Sample 74.,0
Local hospital opens new emergency wing,The new facility aims to improve patient care and emergency response. Verified by multiple official reports. Sample 31.,1
Scientists develop efficient solar panel,Researchers published findings showing improved solar panel efficiency. Verified by multiple official reports. Sample 220.,1
University awards research grants,The grants will support innovation and academic research. Verified by multiple official reports. Sample 61.,1
Aliens elected as world leaders,A viral post claimed aliens secretly won a global election without evidence. No reliable evidence supports the claim. Sample 133.,0
City launches tree plantation drive,Thousands of saplings were planted across the city. Verified by multiple official reports. Sample 243.,1
Invisible water discovered,A misleading post claimed ordinary water makes people invisible. No reliable evidence supports the claim. Sample 49.,0
City launches tree plantation drive,Thousands of saplings were planted across the city. Verified by multiple official reports. Sample 58.,1
University awards research grants,The grants will support innovation and academic research. Verified by multiple official reports. Sample 160.,1
Scientists develop efficient solar panel,Researchers published findings showing improved solar panel efficiency. Verified by multiple official reports. Sample 44.,1
Government approves new education policy,The government announced a new education policy after consultations with experts and officials. Verified by multiple official reports. Sample 211.,1
City launches tree plantation drive,Thousands of saplings were planted across the city. Verified by multiple official reports. Sample 106.,1
Invisible water discovered,A misleading post claimed ordinary water makes people invisible. No reliable evidence supports the claim. Sample 7.,0
